Position,Source,Target,Stem/loop
11.0,T,A,S
14.0,G,T,L
14.0,G,C,L
20.0,A,C,L
21.0,A,G,S
26.0,A,G,S
28.0,G,T,S
31.0,G,T,L
32.0,G,T,L
34.0,C,T,L
37.0,G,T,L
43.0,G,A,S
45.0,C,A,L
48.0,C,T,S
54.0,T,C,S
56.0,C,T,S
60.0,G,C,L
62.0,G,A,L
62.0,G,T,L
63.0,G,A,S
63.0,G,T,S
64.0,C,T,S
68.0,G,A,L
68.0,G,T,L
69.0,C,T,L
71.0,G,T,S
73.0,G,T,L
76.0,C,T,L
77.0,G,A,L
77.0,G,T,L
78.0,A,T,L
78.0,A,G,L
79.0,T,C,S
80.0,C,T,S
81.0,G,A,L
85.0,G,T,S
88.0,C,T,L
88.0,C,G,L
90.0,G,T,S
91.0,T,C,S
95.0,C,A,L
95.0,C,T,L
99.0,G,T,S
100.0,C,T,L
102.0,A,T,L
102.0,A,G,L
103.0,G,T,S
104.0,G,A,S
105.0,G,T,L
107.0,G,T,L
108.0,A,G,L
111.0,T,C,S
151.0,G,T,L
156.0,G,A,S
